gender,race/ethnicity,parental level of education,lunch,test preparation course,math score,reading score,writing score,weights,reweighted_math_score,reweighted_writing_score
female,group D,some college,standard,completed,59,70,78,1.0,59.0,78.0
male,group D,associate's degree,standard,none,96,93,87,1.0,96.0,87.0
female,group D,some college,free/reduced,none,57,76,77,1.0,57.0,77.0
male,group B,some college,free/reduced,none,70,70,63,1.0,70.0,63.0
female,group D,associate's degree,standard,none,83,85,86,1.0,83.0,86.0
male,group C,some high school,standard,none,68,57,54,1.4081632653061225,48.289855072463766,38.34782608695652
female,group E,associate's degree,standard,none,82,83,80,1.0,82.0,80.0
female,group B,some high school,standard,none,46,61,58,1.0,46.0,58.0
male,group C,some high school,standard,none,80,75,73,1.4081632653061225,56.81159420289855,51.84057971014493
female,group C,bachelor's degree,standard,completed,57,69,77,1.0,57.0,77.0
male,group B,some high school,standard,none,74,69,69,1.0,74.0,69.0
male,group B,master's degree,standard,none,53,50,49,1.0,53.0,49.0
male,group B,bachelor's degree,free/reduced,none,76,74,76,1.0,76.0,76.0
male,group A,some college,standard,none,70,73,70,1.0,70.0,70.0
male,group C,master's degree,free/reduced,none,55,54,52,1.4081632653061225,39.05797101449275,36.927536231884055
male,group E,master's degree,free/reduced,none,56,46,43,1.0,56.0,43.0
female,group C,some college,free/reduced,none,35,47,41,1.0,35.0,41.0
female,group C,high school,standard,none,87,92,81,1.0,87.0,81.0
female,group E,associate's degree,free/reduced,none,80,82,85,1.0,80.0,85.0
female,group D,associate's degree,standard,completed,65,71,74,1.0,65.0,74.0
male,group C,high school,free/reduced,none,66,66,62,1.4081632653061225,46.869565217391305,44.028985507246375
female,group D,associate's degree,standard,completed,67,71,76,1.0,67.0,76.0
female,group B,some college,standard,none,70,71,71,1.0,70.0,71.0
male,group E,associate's degree,standard,none,89,88,86,1.0,89.0,86.0
male,group D,associate's degree,standard,completed,99,85,88,1.0,99.0,88.0
male,group B,some college,standard,none,74,83,72,1.0,74.0,72.0
male,group D,high school,free/reduced,none,58,52,51,1.0,58.0,51.0
male,group D,some high school,standard,none,70,66,59,1.0,70.0,59.0
female,group E,associate's degree,standard,none,80,79,71,1.0,80.0,71.0
male,group D,associate's degree,standard,none,90,87,86,1.0,90.0,86.0
female,group B,associate's degree,standard,completed,80,81,85,1.0,80.0,85.0
female,group D,associate's degree,free/reduced,none,68,76,79,1.0,68.0,79.0
female,group B,high school,free/reduced,completed,69,78,75,1.0,69.0,75.0
female,group D,master's degree,free/reduced,none,32,35,37,1.0,32.0,37.0
male,group D,high school,standard,completed,82,82,82,1.0,82.0,82.0
female,group A,some high school,standard,none,57,53,54,1.0,57.0,54.0
female,group E,some college,free/reduced,none,69,74,75,1.0,69.0,75.0
male,group D,associate's degree,standard,completed,68,66,72,1.0,68.0,72.0
male,group C,associate's degree,free/reduced,completed,74,85,87,1.4081632653061225,52.55072463768116,61.78260869565217
male,group E,master's degree,standard,none,89,85,78,1.0,89.0,78.0
male,group C,associate's degree,free/reduced,completed,46,46,48,1.4081632653061225,32.666666666666664,34.08695652173913
male,group C,associate's degree,standard,completed,76,82,77,1.4081632653061225,53.971014492753625,54.68115942028985
male,group B,high school,standard,none,86,82,72,1.0,86.0,72.0
male,group D,some college,standard,none,69,73,67,1.0,69.0,67.0
female,group B,high school,standard,none,52,56,54,1.0,52.0,54.0
male,group C,bachelor's degree,standard,none,63,71,65,1.4081632653061225,44.73913043478261,46.15942028985507
male,group A,associate's degree,standard,completed,96,82,90,1.0,96.0,90.0
male,group C,some college,standard,completed,80,76,68,1.4081632653061225,56.81159420289855,48.289855072463766
female,group E,high school,standard,none,59,52,56,1.0,59.0,56.0
male,group D,some high school,standard,completed,80,77,80,1.0,80.0,80.0
female,group E,high school,free/reduced,completed,65,77,74,1.0,65.0,74.0
female,group E,master's degree,free/reduced,completed,74,83,84,1.0,74.0,84.0
male,group D,some high school,standard,none,90,93,84,1.0,90.0,84.0
female,group B,some college,standard,completed,69,72,72,1.0,69.0,72.0
male,group C,high school,standard,none,69,67,63,1.4081632653061225,49.0,44.73913043478261
female,group C,some college,standard,none,62,64,61,1.0,62.0,61.0
female,group D,master's degree,standard,none,67,75,80,1.0,67.0,80.0
female,group E,some high school,standard,completed,89,93,93,1.0,89.0,93.0
female,group C,bachelor's degree,standard,none,79,86,78,1.0,79.0,78.0
male,group C,some high school,standard,none,67,66,66,1.4081632653061225,47.57971014492754,46.869565217391305
male,group D,some high school,standard,completed,82,74,75,1.0,82.0,75.0
male,group C,some high school,free/reduced,completed,63,69,63,1.4081632653061225,44.73913043478261,44.73913043478261
female,group D,some college,free/reduced,none,71,83,80,1.0,71.0,80.0
female,group C,associate's degree,standard,none,55,68,73,1.0,55.0,73.0
female,group B,high school,free/reduced,none,61,74,71,1.0,61.0,71.0
female,group B,associate's degree,free/reduced,none,35,34,36,1.0,35.0,36.0
male,group C,high school,free/reduced,none,75,77,66,1.4081632653061225,53.26086956521739,46.869565217391305
female,group B,some high school,free/reduced,completed,73,91,88,1.0,73.0,88.0
female,group C,high school,free/reduced,none,56,62,57,1.0,56.0,57.0
male,group D,associate's degree,standard,none,80,70,73,1.0,80.0,73.0
male,group C,some high school,standard,completed,83,81,78,1.4081632653061225,58.94202898550724,55.391304347826086
female,group D,some college,free/reduced,completed,64,82,80,1.0,64.0,80.0
female,group C,some high school,standard,none,23,33,33,1.0,23.0,33.0
female,group D,some high school,free/reduced,completed,41,58,59,1.0,41.0,59.0
male,group E,some college,standard,completed,61,49,52,1.0,61.0,52.0
male,group B,bachelor's degree,standard,none,63,46,46,1.0,63.0,46.0
male,group B,associate's degree,free/reduced,completed,84,91,89,1.0,84.0,89.0
male,group C,some college,standard,none,55,61,59,1.4081632653061225,39.05797101449275,41.89855072463768
male,group A,associate's degree,standard,completed,85,75,74,1.0,85.0,74.0
male,group B,high school,standard,none,65,61,57,1.0,65.0,57.0
male,group C,associate's degree,standard,none,88,80,81,1.4081632653061225,62.492753623188406,57.52173913043478
male,group D,master's degree,free/reduced,completed,91,93,95,1.0,91.0,95.0
female,group A,some college,standard,none,51,46,42,1.0,51.0,42.0
male,group C,some college,standard,completed,73,77,76,1.4081632653061225,51.84057971014493,53.971014492753625
female,group D,some college,standard,none,73,89,89,1.0,73.0,89.0
male,group D,master's degree,standard,none,100,97,91,1.0,100.0,91.0
female,group D,some high school,standard,completed,48,68,68,1.0,48.0,68.0
male,group E,some college,standard,none,98,79,85,1.0,98.0,85.0
male,group B,master's degree,standard,none,68,65,60,1.0,68.0,60.0
male,group C,bachelor's degree,standard,none,64,62,58,1.4081632653061225,45.44927536231884,41.188405797101446
male,group C,associate's degree,free/reduced,completed,72,67,61,1.4081632653061225,51.130434782608695,43.31884057971015
female,group C,bachelor's degree,standard,none,63,74,75,1.0,63.0,75.0
male,group C,some college,standard,none,43,51,38,1.4081632653061225,30.536231884057973,26.985507246376812
male,group D,some college,standard,none,80,75,74,1.0,80.0,74.0
female,group C,some college,standard,none,71,88,83,1.0,71.0,83.0
female,group C,associate's degree,standard,completed,91,96,97,1.0,91.0,97.0
female,group D,some college,standard,completed,68,84,87,1.0,68.0,87.0
female,group B,associate's degree,standard,none,73,80,78,1.0,73.0,78.0
female,group B,high school,free/reduced,completed,75,90,95,1.0,75.0,95.0
male,group C,some college,free/reduced,none,83,62,64,1.4081632653061225,58.94202898550724,45.44927536231884
male,group D,high school,standard,none,88,72,74,1.0,88.0,74.0
male,group C,bachelor's degree,standard,none,59,50,53,1.4081632653061225,41.89855072463768,37.63768115942029
male,group D,associate's degree,standard,none,74,69,63,1.0,74.0,63.0
female,group C,some college,free/reduced,none,43,58,60,1.0,43.0,60.0
female,group C,high school,free/reduced,none,76,90,84,1.0,76.0,84.0
female,group D,some high school,standard,none,74,75,74,1.0,74.0,74.0
female,group B,some high school,standard,completed,69,76,72,1.0,69.0,72.0
female,group B,some high school,standard,none,62,78,74,1.0,62.0,74.0
male,group C,associate's degree,free/reduced,completed,61,58,56,1.4081632653061225,43.31884057971015,39.768115942028984
male,group E,some college,standard,none,88,81,77,1.0,88.0,77.0
female,group D,some high school,free/reduced,completed,64,84,83,1.0,64.0,83.0
female,group B,bachelor's degree,standard,none,65,79,73,1.0,65.0,73.0
female,group C,some college,standard,completed,73,86,89,1.0,73.0,89.0
female,group C,master's degree,standard,completed,50,64,63,1.0,50.0,63.0
female,group B,associate's degree,standard,completed,63,72,78,1.0,63.0,78.0
female,group E,bachelor's degree,standard,none,98,95,100,1.0,98.0,100.0
female,group E,high school,standard,none,90,96,88,1.0,90.0,88.0
male,group C,high school,free/reduced,completed,64,71,68,1.4081632653061225,45.44927536231884,48.289855072463766
female,group B,high school,free/reduced,none,38,55,52,1.0,38.0,52.0
female,group B,bachelor's degree,standard,none,84,91,93,1.0,84.0,93.0
male,group D,high school,standard,completed,81,74,79,1.0,81.0,79.0
male,group D,master's degree,standard,none,82,84,81,1.0,82.0,81.0
female,group D,associate's degree,free/reduced,completed,64,67,75,1.0,64.0,75.0
female,group B,high school,standard,none,55,60,67,1.0,55.0,67.0
female,group D,bachelor's degree,free/reduced,completed,59,78,80,1.0,59.0,80.0
female,group E,some college,standard,none,83,90,88,1.0,83.0,88.0
male,group B,associate's degree,standard,completed,76,79,80,1.0,76.0,80.0
female,group D,some high school,standard,completed,83,95,97,1.0,83.0,97.0
female,group C,associate's degree,standard,none,69,75,75,1.0,69.0,75.0
female,group C,some college,free/reduced,none,43,65,60,1.0,43.0,60.0
female,group C,associate's degree,free/reduced,none,52,65,60,1.0,52.0,60.0
female,group C,some college,standard,none,56,58,55,1.0,56.0,55.0
male,group D,some high school,free/reduced,completed,47,46,51,1.0,47.0,51.0
male,group D,master's degree,standard,none,71,61,63,1.0,71.0,63.0
female,group C,master's degree,standard,completed,66,70,83,1.0,66.0,83.0
male,group C,some college,standard,none,81,65,60,1.4081632653061225,57.52173913043478,42.608695652173914
female,group E,master's degree,standard,none,85,90,88,1.0,85.0,88.0
female,group E,master's degree,standard,none,76,77,77,1.0,76.0,77.0
female,group D,some college,free/reduced,none,50,66,66,1.0,50.0,66.0
male,group C,high school,standard,none,76,81,74,1.4081632653061225,53.971014492753625,52.55072463768116
male,group C,some college,standard,none,65,64,61,1.4081632653061225,46.15942028985507,43.31884057971015
female,group D,high school,standard,none,59,69,64,1.0,59.0,64.0
male,group C,high school,standard,none,84,77,80,1.4081632653061225,59.65217391304348,56.81159420289855
male,group E,bachelor's degree,standard,none,85,77,78,1.0,85.0,78.0
female,group D,associate's degree,standard,none,61,56,60,1.0,61.0,60.0
female,group A,bachelor's degree,standard,completed,73,79,81,1.0,73.0,81.0
male,group D,some high school,standard,none,82,77,72,1.0,82.0,72.0
female,group E,associate's degree,standard,none,75,70,71,1.0,75.0,71.0
male,group C,bachelor's degree,standard,none,91,83,82,1.4081632653061225,64.6231884057971,58.231884057971016
female,group C,master's degree,standard,none,67,78,80,1.0,67.0,80.0
male,group D,high school,standard,completed,62,69,67,1.0,62.0,67.0
male,group B,master's degree,standard,none,61,56,52,1.0,61.0,52.0
female,group C,high school,standard,none,66,77,80,1.0,66.0,80.0
male,group A,master's degree,standard,none,59,57,51,1.0,59.0,51.0
male,group E,some college,standard,none,88,76,81,1.0,88.0,81.0
female,group B,associate's degree,free/reduced,none,67,73,74,1.0,67.0,74.0
female,group B,associate's degree,standard,completed,91,99,100,1.0,91.0,100.0
male,group C,associate's degree,free/reduced,completed,87,82,79,1.4081632653061225,61.78260869565217,56.10144927536232
male,group B,some college,standard,completed,83,79,80,1.0,83.0,80.0
female,group D,associate's degree,standard,none,70,79,76,1.0,70.0,76.0
male,group E,associate's degree,standard,none,83,83,78,1.0,83.0,78.0
male,group C,associate's degree,standard,none,49,53,47,1.4081632653061225,34.79710144927536,33.3768115942029
male,group D,high school,standard,completed,65,60,57,1.0,65.0,57.0
male,group B,associate's degree,free/reduced,completed,50,56,55,1.0,50.0,55.0
male,group A,some college,standard,none,62,58,57,1.0,62.0,57.0
male,group E,bachelor's degree,standard,none,56,50,50,1.0,56.0,50.0
female,group C,associate's degree,standard,none,44,49,53,1.0,44.0,53.0
female,group E,some high school,free/reduced,none,63,72,60,1.0,63.0,60.0
male,group D,high school,standard,completed,72,69,74,1.0,72.0,74.0
female,group D,bachelor's degree,free/reduced,completed,64,77,77,1.0,64.0,77.0
female,group B,some college,standard,completed,61,75,82,1.0,61.0,82.0
male,group D,some college,free/reduced,none,82,72,69,1.0,82.0,69.0
female,group A,some high school,standard,completed,57,68,74,1.0,57.0,74.0
male,group E,master's degree,standard,none,43,45,38,1.0,43.0,38.0
male,group D,some high school,standard,none,69,56,59,1.0,69.0,59.0
female,group D,master's degree,standard,none,62,71,74,1.0,62.0,74.0
female,group B,some high school,standard,none,60,73,68,1.0,60.0,68.0
male,group E,high school,standard,none,81,70,70,1.0,81.0,70.0
female,group C,associate's degree,free/reduced,completed,68,84,87,1.0,68.0,87.0
male,group C,associate's degree,standard,none,65,63,57,1.4081632653061225,46.15942028985507,40.47826086956522
female,group B,high school,standard,none,59,72,67,1.0,59.0,67.0
female,group B,associate's degree,standard,none,81,89,86,1.0,81.0,86.0
male,group A,master's degree,free/reduced,none,84,85,87,1.0,84.0,87.0
female,group A,high school,standard,completed,56,68,70,1.0,56.0,70.0
male,group B,master's degree,free/reduced,completed,71,75,73,1.0,71.0,73.0
female,group D,master's degree,free/reduced,none,93,98,94,1.0,93.0,94.0
female,group C,high school,standard,none,77,81,85,1.0,77.0,85.0
male,group C,some college,standard,none,50,40,44,1.4081632653061225,35.507246376811594,31.246376811594203
female,group D,some college,standard,none,75,75,78,1.0,75.0,78.0
female,group C,bachelor's degree,standard,none,64,82,80,1.0,64.0,80.0
male,group C,bachelor's degree,standard,none,77,65,69,1.4081632653061225,54.68115942028985,49.0
female,group A,some high school,standard,completed,64,81,87,1.0,64.0,87.0
male,group B,some high school,standard,none,71,63,55,1.0,71.0,55.0
male,group D,some high school,free/reduced,completed,58,57,53,1.0,58.0,53.0
female,group D,high school,free/reduced,none,47,66,66,1.0,47.0,66.0
male,group D,associate's degree,standard,none,57,63,54,1.0,57.0,54.0
male,group C,some college,standard,completed,82,89,86,1.4081632653061225,58.231884057971016,61.072463768115945
female,group B,master's degree,standard,none,53,61,59,1.0,53.0,59.0
female,group C,associate's degree,free/reduced,completed,89,98,99,1.0,89.0,99.0
female,group E,some college,standard,completed,89,94,94,1.0,89.0,94.0
female,group A,some college,free/reduced,completed,75,97,92,1.0,75.0,92.0
male,group D,some college,free/reduced,none,62,61,57,1.0,62.0,57.0
female,group B,high school,standard,none,63,76,67,1.0,63.0,67.0
male,group E,high school,standard,none,100,91,85,1.0,100.0,85.0
female,group B,associate's degree,standard,none,62,81,77,1.0,62.0,77.0
female,group B,associate's degree,standard,none,75,95,94,1.0,75.0,94.0
male,group C,some college,standard,none,51,56,53,1.4081632653061225,36.21739130434783,37.63768115942029
male,group E,master's degree,free/reduced,none,74,67,67,1.0,74.0,67.0
male,group C,high school,free/reduced,none,66,66,58,1.4081632653061225,46.869565217391305,41.188405797101446
male,group C,some high school,standard,completed,52,59,59,1.4081632653061225,36.927536231884055,41.89855072463768
male,group E,master's degree,free/reduced,none,69,56,56,1.0,69.0,56.0
female,group E,some high school,free/reduced,completed,46,57,57,1.0,46.0,57.0
female,group E,some college,standard,none,74,77,73,1.0,74.0,73.0
male,group B,master's degree,standard,none,100,90,88,1.0,100.0,88.0
male,group A,some high school,standard,none,83,77,77,1.0,83.0,77.0
male,group D,associate's degree,free/reduced,completed,82,78,90,1.0,82.0,90.0
female,group D,high school,standard,none,58,66,70,1.0,58.0,70.0
male,group A,some high school,free/reduced,completed,59,55,58,1.0,59.0,58.0
female,group D,high school,standard,none,77,90,82,1.0,77.0,82.0
female,group E,high school,standard,none,61,61,57,1.0,61.0,57.0
male,group C,master's degree,standard,none,85,81,80,1.4081632653061225,60.36231884057971,56.81159420289855
female,group E,high school,free/reduced,completed,59,68,68,1.0,59.0,68.0
female,group C,master's degree,free/reduced,completed,71,92,93,1.0,71.0,93.0
female,group E,some high school,standard,none,52,71,70,1.0,52.0,70.0
female,group D,some college,standard,none,62,62,68,1.0,62.0,68.0
male,group B,associate's degree,standard,none,47,48,49,1.0,47.0,49.0
male,group D,some college,standard,completed,96,92,88,1.0,96.0,88.0
female,group E,some high school,standard,none,48,60,57,1.0,48.0,57.0
male,group C,high school,free/reduced,none,20,25,15,1.4081632653061225,14.202898550724637,10.652173913043478
female,group C,some high school,standard,none,70,75,76,1.0,70.0,76.0
male,group B,high school,free/reduced,completed,59,62,58,1.0,59.0,58.0
female,group E,associate's degree,free/reduced,none,80,80,83,1.0,80.0,83.0
female,group B,some college,standard,none,83,88,90,1.0,83.0,90.0
male,group C,bachelor's degree,standard,none,75,71,76,1.4081632653061225,53.26086956521739,53.971014492753625
male,group D,some college,free/reduced,completed,73,68,72,1.0,73.0,72.0
female,group C,associate's degree,standard,none,78,78,82,1.0,78.0,82.0
male,group B,bachelor's degree,standard,completed,94,82,93,1.0,94.0,93.0
female,group B,some high school,free/reduced,completed,46,63,66,1.0,46.0,66.0
male,group D,some college,free/reduced,completed,77,77,77,1.0,77.0,77.0
male,group B,some high school,standard,none,63,56,47,1.0,63.0,47.0
male,group B,bachelor's degree,standard,completed,64,70,72,1.0,64.0,72.0
female,group D,some high school,free/reduced,none,60,69,70,1.0,60.0,70.0
female,group D,some college,standard,none,74,79,73,1.0,74.0,73.0
female,group B,high school,free/reduced,none,67,77,81,1.0,67.0,81.0
male,group C,high school,standard,completed,78,81,80,1.4081632653061225,55.391304347826086,56.81159420289855
male,group C,high school,standard,completed,88,75,72,1.4081632653061225,62.492753623188406,51.130434782608695
female,group C,associate's degree,free/reduced,completed,52,64,66,1.0,52.0,66.0
male,group C,high school,standard,none,88,66,73,1.4081632653061225,62.492753623188406,51.84057971014493
male,group A,high school,standard,completed,78,88,85,1.0,78.0,85.0
female,group C,high school,standard,none,55,62,61,1.0,55.0,61.0
female,group C,some college,standard,none,71,69,73,1.0,71.0,73.0
male,group C,high school,free/reduced,none,75,79,68,1.4081632653061225,53.26086956521739,48.289855072463766
male,group B,bachelor's degree,standard,completed,62,60,55,1.0,62.0,55.0
female,group B,bachelor's degree,standard,completed,66,73,72,1.0,66.0,72.0
male,group D,bachelor's degree,standard,none,39,45,36,1.0,39.0,36.0
male,group B,some college,standard,none,85,80,73,1.0,85.0,73.0
female,group B,high school,free/reduced,none,46,57,53,1.0,46.0,53.0
male,group C,master's degree,free/reduced,completed,57,64,66,1.4081632653061225,40.47826086956522,46.869565217391305
female,group B,associate's degree,standard,completed,65,78,81,1.0,65.0,81.0
male,group C,some college,standard,none,86,82,72,1.4081632653061225,61.072463768115945,51.130434782608695
male,group C,some high school,standard,none,59,50,41,1.4081632653061225,41.89855072463768,29.115942028985508
female,group D,some high school,free/reduced,completed,49,69,68,1.0,49.0,68.0
male,group B,some college,free/reduced,none,51,50,44,1.0,51.0,44.0
female,group A,associate's degree,standard,none,53,57,60,1.0,53.0,60.0
female,group C,some college,standard,none,82,84,83,1.0,82.0,83.0
female,group C,high school,free/reduced,none,51,68,66,1.0,51.0,66.0
female,group D,some high school,standard,none,74,79,79,1.0,74.0,79.0
female,group D,master's degree,free/reduced,none,73,72,75,1.0,73.0,75.0
female,group D,high school,free/reduced,none,42,61,63,1.0,42.0,63.0
female,group C,some college,free/reduced,completed,41,59,56,1.0,41.0,56.0
female,group C,some college,standard,none,84,88,84,1.0,84.0,84.0
female,group D,some college,free/reduced,completed,64,66,62,1.0,64.0,62.0
female,group E,high school,free/reduced,none,74,88,75,1.0,74.0,75.0
male,group C,associate's degree,standard,none,91,84,77,1.4081632653061225,64.6231884057971,54.68115942028985
male,group D,associate's degree,standard,none,67,72,65,1.0,67.0,65.0
female,group B,high school,standard,none,54,56,59,1.0,54.0,59.0
female,group D,master's degree,standard,none,44,39,37,1.0,44.0,37.0
female,group C,master's degree,standard,completed,65,84,86,1.0,65.0,86.0
male,group A,associate's degree,standard,none,37,40,36,1.0,37.0,36.0
female,group A,associate's degree,free/reduced,none,58,75,78,1.0,58.0,78.0
female,group C,bachelor's degree,free/reduced,none,69,78,78,1.0,69.0,78.0
male,group C,some high school,standard,none,64,56,51,1.4081632653061225,45.44927536231884,36.21739130434783
female,group C,high school,standard,none,70,63,63,1.0,70.0,63.0
female,group B,high school,free/reduced,none,55,68,66,1.0,55.0,66.0
female,group B,some college,standard,completed,45,63,67,1.0,45.0,67.0
male,group E,some college,standard,completed,80,70,71,1.0,80.0,71.0
male,group A,some college,standard,none,77,73,69,1.0,77.0,69.0
male,group B,bachelor's degree,free/reduced,none,57,54,44,1.0,57.0,44.0
female,group C,bachelor's degree,standard,none,67,72,72,1.0,67.0,72.0
female,group A,master's degree,standard,none,68,70,72,1.0,68.0,72.0
male,group C,high school,standard,none,49,53,43,1.4081632653061225,34.79710144927536,30.536231884057973
female,group D,associate's degree,standard,none,42,48,42,1.0,42.0,42.0
female,group E,associate's degree,standard,none,96,93,100,1.0,96.0,100.0
female,group C,bachelor's degree,free/reduced,none,55,56,54,1.0,55.0,54.0
male,group D,master's degree,standard,none,70,65,56,1.0,70.0,56.0
male,group C,bachelor's degree,free/reduced,none,51,53,51,1.4081632653061225,36.21739130434783,36.21739130434783
female,group B,some college,free/reduced,completed,27,49,50,1.0,27.0,50.0
male,group D,high school,standard,none,60,54,47,1.0,60.0,47.0
female,group B,some high school,standard,none,44,56,47,1.0,44.0,47.0
female,group C,high school,standard,completed,63,73,74,1.0,63.0,74.0
female,group C,associate's degree,standard,none,72,77,75,1.0,72.0,75.0
female,group D,some high school,standard,none,82,77,80,1.0,82.0,80.0
female,group B,bachelor's degree,standard,completed,82,85,99,1.0,82.0,99.0
female,group A,some high school,standard,none,70,82,83,1.0,70.0,83.0
male,group E,high school,free/reduced,completed,76,61,61,1.0,76.0,61.0
female,group C,bachelor's degree,free/reduced,completed,62,68,74,1.0,62.0,74.0
female,group B,high school,free/reduced,none,58,62,54,1.0,58.0,54.0
female,group A,high school,standard,none,61,73,70,1.0,61.0,70.0
male,group B,bachelor's degree,standard,completed,88,82,82,1.0,88.0,82.0
female,group C,some college,standard,none,61,64,54,1.0,61.0,54.0
male,group D,high school,standard,completed,88,77,78,1.0,88.0,78.0
male,group E,some high school,free/reduced,none,57,45,46,1.0,57.0,46.0
female,group D,high school,standard,completed,92,95,93,1.0,92.0,93.0
male,group C,master's degree,standard,none,80,79,73,1.4081632653061225,56.81159420289855,51.84057971014493
male,group A,some high school,standard,none,62,54,52,1.0,62.0,52.0
female,group D,some college,standard,none,71,74,80,1.0,71.0,80.0
female,group D,high school,free/reduced,none,54,58,63,1.0,54.0,63.0
male,group A,some college,free/reduced,none,43,43,40,1.0,43.0,40.0
female,group C,some college,standard,none,51,57,60,1.0,51.0,60.0
male,group C,some high school,standard,none,57,46,44,1.4081632653061225,40.47826086956522,31.246376811594203
male,group C,some high school,standard,completed,62,71,62,1.4081632653061225,44.028985507246375,44.028985507246375
female,group B,some high school,standard,none,48,59,55,1.0,48.0,55.0
male,group C,associate's degree,free/reduced,completed,61,69,62,1.4081632653061225,43.31884057971015,44.028985507246375
female,group D,some high school,standard,completed,94,91,98,1.0,94.0,98.0
male,group B,some college,free/reduced,none,44,45,41,1.0,44.0,41.0
female,group C,associate's degree,standard,none,56,71,70,1.0,56.0,70.0
male,group D,associate's degree,free/reduced,none,68,69,55,1.0,68.0,55.0
male,group D,some college,free/reduced,none,61,53,48,1.0,61.0,48.0
female,group C,high school,standard,completed,49,68,67,1.0,49.0,67.0
female,group D,some college,standard,none,71,71,76,1.0,71.0,76.0
female,group E,some high school,standard,none,78,86,80,1.0,78.0,80.0
male,group D,associate's degree,standard,none,74,70,63,1.0,74.0,63.0
male,group C,high school,standard,none,66,63,63,1.4081632653061225,46.869565217391305,44.73913043478261
male,group C,some high school,free/reduced,none,61,56,53,1.4081632653061225,43.31884057971015,37.63768115942029
male,group D,some college,free/reduced,none,59,45,44,1.0,59.0,44.0
female,group B,high school,free/reduced,none,49,65,62,1.0,49.0,62.0
female,group B,associate's degree,free/reduced,none,61,68,67,1.0,61.0,67.0
female,group C,bachelor's degree,free/reduced,completed,54,57,63,1.0,54.0,63.0
female,group B,high school,free/reduced,completed,45,61,63,1.0,45.0,63.0
female,group D,bachelor's degree,free/reduced,completed,81,96,99,1.0,81.0,99.0
female,group B,associate's degree,standard,none,71,87,87,1.0,71.0,87.0
male,group B,associate's degree,standard,none,67,60,61,1.0,67.0,61.0
female,group D,some college,standard,none,56,53,58,1.0,56.0,58.0
female,group B,high school,free/reduced,completed,60,66,64,1.0,60.0,64.0
male,group D,associate's degree,standard,none,95,86,83,1.0,95.0,83.0
male,group B,some college,standard,none,60,59,53,1.0,60.0,53.0
male,group B,some college,standard,none,60,55,52,1.0,60.0,52.0
male,group B,bachelor's degree,standard,none,82,68,69,1.0,82.0,69.0
male,group B,some college,free/reduced,none,78,68,70,1.0,78.0,70.0
female,group C,associate's degree,standard,none,57,67,64,1.0,57.0,64.0
male,group A,some college,standard,none,72,77,67,1.0,72.0,67.0
female,group B,some high school,standard,none,37,51,43,1.0,37.0,43.0
male,group C,some college,standard,none,72,76,64,1.4081632653061225,51.130434782608695,45.44927536231884
male,group B,some college,free/reduced,none,52,57,49,1.0,52.0,49.0
male,group A,high school,standard,completed,80,72,72,1.0,80.0,72.0
male,group D,associate's degree,standard,none,89,78,76,1.0,89.0,76.0
female,group C,some college,standard,completed,84,88,87,1.0,84.0,87.0
female,group B,some high school,standard,none,67,73,76,1.0,67.0,76.0
female,group B,master's degree,standard,completed,59,75,79,1.0,59.0,79.0
male,group C,some college,standard,completed,95,85,80,1.4081632653061225,67.46376811594203,56.81159420289855
female,group B,master's degree,standard,none,71,68,68,1.0,71.0,68.0
female,group C,high school,standard,none,72,76,74,1.0,72.0,74.0
male,group E,high school,standard,completed,83,80,82,1.0,83.0,82.0
male,group E,some high school,standard,none,94,86,82,1.0,94.0,82.0
male,group B,some college,free/reduced,completed,58,57,58,1.0,58.0,58.0
male,group C,bachelor's degree,standard,completed,75,62,65,1.4081632653061225,53.26086956521739,46.15942028985507
female,group B,some high school,free/reduced,none,65,83,77,1.0,65.0,77.0
female,group C,bachelor's degree,free/reduced,completed,68,78,83,1.0,68.0,83.0
female,group C,some high school,free/reduced,none,34,44,43,1.0,34.0,43.0
male,group E,some college,standard,none,97,96,89,1.0,97.0,89.0
female,group D,high school,standard,none,44,47,55,1.0,44.0,55.0
male,group D,some high school,standard,completed,60,57,60,1.0,60.0,60.0
female,group C,high school,free/reduced,completed,66,81,75,1.0,66.0,75.0
male,group E,high school,standard,none,96,94,93,1.0,96.0,93.0
female,group B,high school,free/reduced,none,39,60,52,1.0,39.0,52.0
male,group C,some college,free/reduced,none,56,57,62,1.4081632653061225,39.768115942028984,44.028985507246375
male,group C,high school,standard,none,31,27,19,1.4081632653061225,22.014492753623188,13.492753623188406
female,group C,bachelor's degree,standard,completed,74,79,84,1.0,74.0,84.0
male,group D,bachelor's degree,standard,completed,100,100,100,1.0,100.0,100.0
female,group A,high school,standard,completed,68,75,73,1.0,68.0,73.0
female,group C,associate's degree,free/reduced,completed,79,89,96,1.0,79.0,96.0
male,group E,bachelor's degree,free/reduced,none,62,69,60,1.0,62.0,60.0
female,group A,associate's degree,standard,none,72,85,81,1.0,72.0,81.0
female,group C,some college,standard,none,66,78,75,1.0,66.0,75.0
male,group C,high school,standard,completed,64,66,69,1.4081632653061225,45.44927536231884,49.0
female,group C,some high school,standard,none,62,64,64,1.0,62.0,64.0
female,group E,bachelor's degree,free/reduced,completed,68,82,86,1.0,68.0,86.0
male,group C,some college,free/reduced,completed,70,75,74,1.4081632653061225,49.710144927536234,52.55072463768116
female,group E,bachelor's degree,free/reduced,none,63,61,64,1.0,63.0,64.0
female,group D,high school,standard,completed,91,100,100,1.0,91.0,100.0
female,group D,some college,standard,none,58,62,63,1.0,58.0,63.0
male,group E,some college,standard,none,75,66,59,1.0,75.0,59.0
female,group C,associate's degree,free/reduced,none,44,55,61,1.0,44.0,61.0
female,group C,some college,free/reduced,none,68,64,64,1.0,68.0,64.0
male,group C,bachelor's degree,free/reduced,none,65,61,57,1.4081632653061225,46.15942028985507,40.47826086956522
female,group D,some college,free/reduced,completed,66,71,87,1.0,66.0,87.0
male,group C,bachelor's degree,free/reduced,none,73,69,70,1.4081632653061225,51.84057971014493,49.710144927536234
female,group B,associate's degree,free/reduced,none,67,76,76,1.0,67.0,76.0
female,group C,associate's degree,free/reduced,none,66,73,69,1.0,66.0,69.0
male,group E,some college,standard,none,81,78,68,1.0,81.0,68.0
male,group E,some high school,standard,none,77,62,57,1.0,77.0,57.0
female,group D,some college,free/reduced,none,43,48,53,1.0,43.0,53.0
female,group C,bachelor's degree,standard,none,58,70,72,1.0,58.0,72.0
male,group C,some college,free/reduced,none,65,77,70,1.4081632653061225,46.15942028985507,49.710144927536234
male,group C,high school,standard,none,92,89,83,1.4081632653061225,65.33333333333333,58.94202898550724
male,group D,some high school,standard,completed,56,48,54,1.0,56.0,54.0
female,group D,master's degree,standard,none,65,73,77,1.0,65.0,77.0
male,group D,associate's degree,standard,none,72,67,59,1.0,72.0,59.0
male,group D,some high school,standard,completed,100,84,87,1.0,100.0,87.0
female,group C,high school,standard,none,69,81,70,1.0,69.0,70.0
male,group D,some college,standard,completed,70,66,68,1.0,70.0,68.0
male,group E,high school,standard,none,90,80,78,1.0,90.0,78.0
male,group C,high school,standard,none,90,79,75,1.4081632653061225,63.91304347826087,53.26086956521739
female,group D,high school,standard,completed,63,78,74,1.0,63.0,74.0
female,group D,associate's degree,standard,none,40,51,51,1.0,40.0,51.0
female,group A,high school,standard,none,64,72,66,1.0,64.0,66.0
male,group C,some college,standard,none,90,76,71,1.4081632653061225,63.91304347826087,50.42028985507246
male,group C,some college,standard,none,76,74,73,1.4081632653061225,53.971014492753625,51.84057971014493
male,group B,some college,free/reduced,none,42,48,33,1.0,42.0,33.0
female,group D,bachelor's degree,free/reduced,completed,45,68,71,1.0,45.0,71.0
male,group D,bachelor's degree,standard,none,76,65,70,1.0,76.0,70.0
male,group C,some high school,standard,completed,63,69,68,1.4081632653061225,44.73913043478261,48.289855072463766
male,group E,some college,standard,completed,84,77,79,1.0,84.0,79.0
female,group A,bachelor's degree,free/reduced,none,62,75,73,1.0,62.0,73.0
female,group C,associate's degree,free/reduced,completed,69,76,82,1.0,69.0,82.0
male,group C,some high school,standard,none,77,79,76,1.4081632653061225,54.68115942028985,53.971014492753625
male,group D,bachelor's degree,standard,none,63,65,58,1.0,63.0,58.0
male,group C,high school,standard,completed,72,67,67,1.4081632653061225,51.130434782608695,47.57971014492754
male,group E,associate's degree,standard,none,75,68,68,1.0,75.0,68.0
female,group C,bachelor's degree,standard,none,61,66,71,1.0,61.0,71.0
female,group A,high school,standard,none,79,97,85,1.0,79.0,85.0
female,group D,high school,standard,none,53,66,64,1.0,53.0,64.0
male,group B,some college,standard,completed,77,68,66,1.0,77.0,66.0
male,group A,high school,free/reduced,none,44,49,43,1.0,44.0,43.0
male,group B,high school,standard,none,44,50,37,1.0,44.0,37.0
female,group C,associate's degree,standard,completed,71,84,88,1.0,71.0,88.0
female,group B,associate's degree,standard,completed,60,65,67,1.0,60.0,67.0
male,group B,some high school,standard,none,49,39,33,1.0,49.0,33.0
female,group A,high school,standard,completed,82,95,93,1.0,82.0,93.0
male,group E,master's degree,free/reduced,none,68,70,62,1.0,68.0,62.0
female,group D,some high school,free/reduced,none,58,63,65,1.0,58.0,65.0
female,group B,high school,standard,none,65,68,67,1.0,65.0,67.0
male,group C,associate's degree,standard,none,50,42,35,1.4081632653061225,35.507246376811594,24.855072463768117
female,group D,associate's degree,free/reduced,completed,73,72,79,1.0,73.0,79.0
male,group D,some high school,free/reduced,completed,40,50,47,1.0,40.0,47.0
female,group C,some high school,free/reduced,completed,60,67,74,1.0,60.0,74.0
male,group C,associate's degree,free/reduced,none,57,58,51,1.4081632653061225,40.47826086956522,36.21739130434783
male,group C,some college,free/reduced,none,57,60,57,1.4081632653061225,40.47826086956522,40.47826086956522
female,group B,some high school,standard,none,83,86,89,1.0,83.0,89.0
male,group C,master's degree,standard,none,68,56,57,1.4081632653061225,48.289855072463766,40.47826086956522
male,group D,bachelor's degree,standard,none,74,76,73,1.0,74.0,73.0
male,group B,master's degree,free/reduced,none,76,68,70,1.0,76.0,70.0
female,group C,some high school,free/reduced,none,38,45,44,1.0,38.0,44.0
female,group C,high school,standard,none,63,64,59,1.0,63.0,59.0
male,group E,bachelor's degree,free/reduced,none,87,79,72,1.0,87.0,72.0
male,group E,high school,free/reduced,none,81,84,78,1.0,81.0,78.0
female,group D,associate's degree,standard,none,84,90,90,1.0,84.0,90.0
female,group E,high school,free/reduced,completed,68,69,71,1.0,68.0,71.0
female,group A,some high school,free/reduced,none,57,70,71,1.0,57.0,71.0
female,group C,master's degree,standard,none,75,82,81,1.0,75.0,81.0
female,group C,high school,free/reduced,none,39,50,41,1.0,39.0,41.0
female,group D,some high school,standard,completed,54,77,78,1.0,54.0,78.0
male,group D,associate's degree,standard,none,71,73,69,1.0,71.0,69.0
male,group A,some college,standard,none,58,64,55,1.0,58.0,55.0
female,group D,associate's degree,standard,none,61,70,73,1.0,61.0,73.0
female,group D,associate's degree,standard,completed,82,85,94,1.0,82.0,94.0
female,group D,associate's degree,standard,completed,73,87,83,1.0,73.0,83.0
female,group D,some high school,standard,none,52,66,63,1.0,52.0,63.0
male,group B,some high school,free/reduced,none,33,47,32,1.0,33.0,32.0
male,group D,associate's degree,standard,completed,67,68,69,1.0,67.0,69.0
female,group B,some high school,free/reduced,none,61,80,82,1.0,61.0,82.0
female,group E,associate's degree,standard,completed,86,89,96,1.0,86.0,96.0
male,group D,bachelor's degree,standard,completed,98,96,100,1.0,98.0,100.0
male,group C,some college,standard,completed,72,56,63,1.4081632653061225,51.130434782608695,44.73913043478261
male,group B,associate's degree,free/reduced,none,60,59,52,1.0,60.0,52.0
male,group C,some college,standard,none,66,68,62,1.4081632653061225,46.869565217391305,44.028985507246375
male,group C,some high school,standard,completed,86,89,87,1.4081632653061225,61.072463768115945,61.78260869565217
female,group B,high school,standard,none,45,52,51,1.0,45.0,51.0
female,group C,some high school,standard,none,75,86,84,1.0,75.0,84.0
female,group A,associate's degree,standard,none,51,69,65,1.0,51.0,65.0
female,group C,high school,standard,none,21,30,26,1.0,21.0,26.0
male,group D,high school,free/reduced,none,54,53,47,1.0,54.0,47.0
male,group D,high school,standard,none,83,78,74,1.0,83.0,74.0
male,group B,associate's degree,free/reduced,none,74,79,65,1.0,74.0,65.0
male,group C,bachelor's degree,standard,none,73,67,73,1.4081632653061225,51.84057971014493,51.84057971014493
male,group D,some high school,free/reduced,completed,69,70,75,1.0,69.0,75.0
female,group C,some college,standard,none,81,93,94,1.0,81.0,94.0
male,group E,bachelor's degree,standard,completed,95,90,89,1.0,95.0,89.0
male,group E,some college,standard,completed,97,88,81,1.0,97.0,81.0
female,group C,master's degree,standard,completed,62,68,75,1.0,62.0,75.0
male,group C,some high school,standard,none,63,57,59,1.4081632653061225,44.73913043478261,41.89855072463768
female,group D,high school,standard,completed,50,72,70,1.0,50.0,70.0
female,group D,some high school,standard,none,25,33,32,1.0,25.0,32.0
male,group D,some high school,standard,none,73,67,64,1.0,73.0,64.0
male,group D,associate's degree,free/reduced,completed,57,58,54,1.0,57.0,54.0
male,group C,high school,standard,none,64,62,61,1.4081632653061225,45.44927536231884,43.31884057971015
female,group E,high school,standard,none,86,89,87,1.0,86.0,87.0
female,group D,associate's degree,free/reduced,none,62,65,69,1.0,62.0,69.0
male,group D,associate's degree,standard,none,97,94,91,1.0,97.0,91.0
female,group A,some college,standard,none,62,64,63,1.0,62.0,63.0
female,group E,some high school,standard,none,91,97,91,1.0,91.0,91.0
male,group C,associate's degree,free/reduced,completed,60,57,61,1.4081632653061225,42.608695652173914,43.31884057971015
male,group E,high school,free/reduced,none,59,55,46,1.0,59.0,46.0
female,group D,associate's degree,standard,none,75,87,90,1.0,75.0,90.0
female,group C,master's degree,standard,completed,79,87,89,1.0,79.0,89.0
female,group C,associate's degree,free/reduced,completed,79,92,97,1.0,79.0,97.0
female,group A,high school,free/reduced,none,34,49,47,1.0,34.0,47.0
male,group D,some high school,free/reduced,none,49,49,43,1.0,49.0,43.0
female,group B,some college,standard,completed,47,58,56,1.0,47.0,56.0
male,group E,associate's degree,standard,none,78,73,65,1.0,78.0,65.0
male,group D,some high school,free/reduced,completed,46,53,54,1.0,46.0,54.0
male,group C,associate's degree,free/reduced,none,72,80,75,1.4081632653061225,51.130434782608695,53.26086956521739
female,group D,associate's degree,free/reduced,none,45,61,57,1.0,45.0,57.0
female,group C,associate's degree,free/reduced,none,28,32,28,1.0,28.0,28.0
female,group D,some high school,standard,none,83,92,93,1.0,83.0,93.0
female,group E,some college,standard,completed,86,89,89,1.0,86.0,89.0
female,group D,some high school,free/reduced,completed,64,75,81,1.0,64.0,81.0
male,group B,high school,free/reduced,none,65,55,51,1.0,65.0,51.0
female,group B,some college,free/reduced,completed,69,85,84,1.0,69.0,84.0
female,group B,high school,standard,completed,66,62,66,1.0,66.0,66.0
female,group E,some college,free/reduced,none,41,60,55,1.0,41.0,55.0
male,group D,master's degree,free/reduced,completed,67,71,70,1.0,67.0,70.0
male,group C,bachelor's degree,free/reduced,completed,57,65,56,1.4081632653061225,40.47826086956522,39.768115942028984
female,group C,associate's degree,free/reduced,completed,42,50,61,1.0,42.0,61.0
female,group D,high school,free/reduced,none,75,81,87,1.0,75.0,87.0
female,group C,associate's degree,standard,completed,77,90,97,1.0,77.0,97.0
male,group B,master's degree,free/reduced,none,65,65,62,1.0,65.0,62.0
female,group E,some high school,standard,completed,87,90,90,1.0,87.0,90.0
female,group D,high school,free/reduced,completed,72,76,78,1.0,72.0,78.0
female,group E,high school,standard,none,71,83,79,1.0,71.0,79.0
female,group C,some college,free/reduced,completed,60,80,76,1.0,60.0,76.0
female,group D,high school,free/reduced,completed,67,75,84,1.0,67.0,84.0
female,group C,high school,standard,none,54,73,64,1.0,54.0,64.0
male,group B,bachelor's degree,free/reduced,completed,48,59,55,1.0,48.0,55.0
male,group C,high school,standard,completed,67,63,67,1.4081632653061225,47.57971014492754,47.57971014492754
male,group B,some high school,free/reduced,completed,58,56,53,1.0,58.0,53.0
female,group C,high school,standard,completed,80,83,86,1.0,80.0,86.0
female,group B,some college,standard,none,84,100,96,1.0,84.0,96.0
male,group C,some college,standard,completed,48,38,46,1.4081632653061225,34.08695652173913,32.666666666666664
female,group B,some college,free/reduced,completed,55,67,68,1.0,55.0,68.0
female,group C,some high school,standard,completed,69,84,81,1.0,69.0,81.0
male,group C,high school,standard,none,74,72,62,1.4081632653061225,52.55072463768116,44.028985507246375
female,group D,some high school,standard,none,62,68,65,1.0,62.0,65.0
male,group D,high school,standard,completed,76,75,77,1.0,76.0,77.0
male,group B,bachelor's degree,standard,none,84,81,72,1.0,84.0,72.0
male,group E,high school,standard,none,93,86,76,1.0,93.0,76.0
male,group E,associate's degree,standard,none,56,44,44,1.0,56.0,44.0
female,group B,some high school,standard,none,52,65,60,1.0,52.0,60.0
female,group C,some college,standard,completed,81,90,93,1.0,81.0,93.0
male,group E,high school,standard,completed,84,79,75,1.0,84.0,75.0
male,group D,some high school,standard,none,55,50,47,1.0,55.0,47.0
male,group C,high school,free/reduced,completed,54,53,51,1.4081632653061225,38.34782608695652,36.21739130434783
male,group B,some high school,free/reduced,none,46,41,40,1.0,46.0,40.0
male,group D,high school,free/reduced,none,48,46,50,1.0,48.0,50.0
male,group C,some high school,standard,none,79,65,67,1.4081632653061225,56.10144927536232,47.57971014492754
female,group E,high school,free/reduced,completed,66,66,75,1.0,66.0,75.0
male,group A,associate's degree,free/reduced,completed,56,60,63,1.0,56.0,63.0
female,group E,associate's degree,free/reduced,none,60,74,68,1.0,60.0,68.0
female,group B,associate's degree,standard,none,75,91,81,1.0,75.0,81.0
male,group A,some high school,standard,completed,79,65,65,1.0,79.0,65.0
male,group C,high school,free/reduced,completed,41,57,55,1.4081632653061225,29.115942028985508,39.05797101449275
female,group C,associate's degree,free/reduced,none,35,40,45,1.0,35.0,45.0
female,group A,some college,free/reduced,none,54,56,58,1.0,54.0,58.0
male,group C,some high school,standard,none,67,65,62,1.4081632653061225,47.57971014492754,44.028985507246375
female,group D,high school,standard,completed,85,98,99,1.0,85.0,99.0
female,group E,associate's degree,standard,none,92,100,99,1.0,92.0,99.0
male,group D,associate's degree,standard,completed,99,100,100,1.0,99.0,100.0
female,group C,some high school,free/reduced,completed,52,59,58,1.0,52.0,58.0
male,group C,associate's degree,free/reduced,none,73,66,68,1.4081632653061225,51.84057971014493,48.289855072463766
female,group D,some high school,free/reduced,completed,62,75,79,1.0,62.0,79.0
male,group E,some high school,standard,none,75,71,68,1.0,75.0,68.0
female,group B,associate's degree,standard,none,90,94,93,1.0,90.0,93.0
male,group D,high school,free/reduced,none,54,49,48,1.0,54.0,48.0
male,group D,associate's degree,standard,none,81,74,74,1.0,81.0,74.0
male,group C,some high school,free/reduced,none,74,66,64,1.4081632653061225,52.55072463768116,45.44927536231884
male,group B,associate's degree,free/reduced,completed,68,73,72,1.0,68.0,72.0
male,group D,some college,standard,none,74,74,70,1.0,74.0,70.0
male,group C,high school,free/reduced,none,51,57,44,1.4081632653061225,36.21739130434783,31.246376811594203
female,group C,some high school,standard,none,68,77,75,1.0,68.0,75.0
male,group B,some college,standard,none,69,59,57,1.0,69.0,57.0
male,group E,some college,standard,completed,100,89,86,1.0,100.0,86.0
female,group C,some college,standard,none,53,59,59,1.0,53.0,59.0
male,group C,bachelor's degree,free/reduced,completed,72,70,70,1.4081632653061225,51.130434782608695,49.710144927536234
male,group B,bachelor's degree,free/reduced,none,50,40,38,1.0,50.0,38.0
female,group A,high school,standard,none,61,69,69,1.0,61.0,69.0
male,group C,high school,standard,none,65,69,56,1.4081632653061225,46.15942028985507,39.768115942028984
female,group D,high school,free/reduced,none,15,39,40,1.0,15.0,40.0
male,group C,some high school,free/reduced,none,64,56,52,1.4081632653061225,45.44927536231884,36.927536231884055
male,group C,high school,standard,none,77,70,60,1.4081632653061225,54.68115942028985,42.608695652173914
female,group D,some college,standard,completed,61,63,70,1.0,61.0,70.0
female,group B,high school,free/reduced,completed,49,66,60,1.0,49.0,60.0
male,group C,bachelor's degree,standard,none,70,49,53,1.4081632653061225,49.710144927536234,37.63768115942029
male,group A,associate's degree,standard,none,60,56,57,1.0,60.0,57.0
female,group D,some college,standard,none,84,97,96,1.0,84.0,96.0
male,group D,high school,free/reduced,none,51,56,50,1.0,51.0,50.0
male,group C,bachelor's degree,standard,none,74,61,68,1.4081632653061225,52.55072463768116,48.289855072463766
female,group B,bachelor's degree,standard,completed,64,77,79,1.0,64.0,79.0
female,group C,some college,standard,completed,67,74,81,1.0,67.0,81.0
male,group C,associate's degree,standard,none,76,61,62,1.4081632653061225,53.971014492753625,44.028985507246375
male,group D,some high school,standard,completed,70,66,72,1.0,70.0,72.0
female,group C,some college,standard,none,85,92,84,1.0,85.0,84.0
female,group D,some high school,standard,none,53,55,57,1.0,53.0,57.0
male,group C,high school,standard,none,84,71,66,1.4081632653061225,59.65217391304348,46.869565217391305
male,group B,some high school,standard,none,55,49,44,1.0,55.0,44.0
female,group C,high school,standard,none,50,62,63,1.0,50.0,63.0
male,group C,some high school,free/reduced,none,79,77,71,1.4081632653061225,56.10144927536232,50.42028985507246
male,group C,associate's degree,standard,none,81,77,71,1.4081632653061225,57.52173913043478,50.42028985507246
male,group D,associate's degree,standard,completed,89,75,80,1.0,89.0,80.0
male,group C,associate's degree,free/reduced,completed,59,68,66,1.4081632653061225,41.89855072463768,46.869565217391305
male,group D,some college,standard,completed,82,79,81,1.0,82.0,81.0
male,group D,associate's degree,standard,none,86,84,82,1.0,86.0,82.0
female,group D,some college,free/reduced,none,41,58,60,1.0,41.0,60.0
female,group D,master's degree,standard,completed,64,67,72,1.0,64.0,72.0
male,group A,associate's degree,free/reduced,completed,68,71,64,1.0,68.0,64.0
male,group E,high school,free/reduced,completed,74,67,61,1.0,74.0,61.0
female,group C,some college,free/reduced,completed,44,44,53,1.0,44.0,53.0
female,group C,high school,free/reduced,completed,34,66,59,1.0,34.0,59.0
male,group B,some high school,standard,completed,45,50,48,1.0,45.0,48.0
female,group C,master's degree,standard,completed,83,86,90,1.0,83.0,90.0
male,group C,some college,standard,none,55,65,57,1.4081632653061225,39.05797101449275,40.47826086956522
male,group E,high school,free/reduced,none,61,56,52,1.0,61.0,52.0
female,group B,high school,standard,completed,81,89,88,1.0,81.0,88.0
male,group B,associate's degree,free/reduced,none,45,52,45,1.0,45.0,45.0
male,group B,high school,standard,none,71,63,61,1.0,71.0,61.0
male,group C,bachelor's degree,standard,completed,62,67,68,1.4081632653061225,44.028985507246375,48.289855072463766
female,group E,some college,standard,completed,78,83,76,1.0,78.0,76.0
male,group D,some college,standard,none,76,74,71,1.0,76.0,71.0
female,group A,associate's degree,standard,completed,73,68,81,1.0,73.0,81.0
female,group C,associate's degree,standard,none,82,91,85,1.0,82.0,85.0
male,group D,some college,standard,completed,69,58,60,1.0,69.0,60.0
male,group D,bachelor's degree,free/reduced,none,72,71,65,1.0,72.0,65.0
female,group B,high school,standard,completed,72,73,72,1.0,72.0,72.0
male,group B,associate's degree,free/reduced,none,57,59,62,1.0,57.0,62.0
male,group A,high school,standard,completed,83,71,69,1.0,83.0,69.0
male,group C,some high school,standard,none,68,76,72,1.4081632653061225,48.289855072463766,51.130434782608695
female,group C,some high school,free/reduced,completed,62,74,71,1.0,62.0,71.0
male,group D,associate's degree,standard,none,99,97,95,1.0,99.0,95.0
male,group B,high school,standard,completed,88,87,85,1.0,88.0,85.0
female,group C,high school,standard,none,56,68,66,1.0,56.0,66.0
female,group B,associate's degree,standard,none,68,70,76,1.0,68.0,76.0
male,group C,high school,standard,completed,75,69,67,1.4081632653061225,53.26086956521739,47.57971014492754
female,group C,some college,standard,none,45,46,47,1.0,45.0,47.0
male,group C,high school,free/reduced,none,72,68,62,1.4081632653061225,51.130434782608695,44.028985507246375
male,group E,some college,standard,completed,99,98,93,1.0,99.0,93.0
male,group C,some college,free/reduced,none,76,72,65,1.4081632653061225,53.971014492753625,46.15942028985507
female,group B,some high school,free/reduced,completed,64,72,79,1.0,64.0,79.0
female,group B,some college,standard,none,56,61,65,1.0,56.0,65.0
female,group E,some college,free/reduced,none,74,78,81,1.0,74.0,81.0
male,group D,bachelor's degree,standard,completed,97,91,96,1.0,97.0,96.0
female,group B,some college,standard,none,83,89,88,1.0,83.0,88.0
female,group B,bachelor's degree,standard,completed,55,64,63,1.0,55.0,63.0
female,group B,some college,standard,completed,77,90,93,1.0,77.0,93.0
female,group D,bachelor's degree,standard,none,78,80,79,1.0,78.0,79.0
female,group E,some high school,standard,completed,89,95,99,1.0,89.0,99.0
male,group A,high school,standard,none,78,72,66,1.0,78.0,66.0
male,group C,some college,free/reduced,none,33,42,41,1.4081632653061225,23.434782608695652,29.115942028985508
female,group D,associate's degree,standard,none,66,72,74,1.0,66.0,74.0
male,group E,some college,standard,completed,87,87,79,1.0,87.0,79.0
female,group B,some college,standard,none,50,48,52,1.0,50.0,52.0
female,group A,high school,standard,none,79,86,84,1.0,79.0,84.0
male,group B,bachelor's degree,free/reduced,none,70,70,66,1.0,70.0,66.0
female,group B,some college,free/reduced,completed,47,61,64,1.0,47.0,64.0
female,group C,high school,standard,none,80,84,81,1.0,80.0,81.0
male,group E,some college,standard,completed,91,76,78,1.0,91.0,78.0
female,group D,high school,free/reduced,completed,78,86,88,1.0,78.0,88.0
male,group D,some college,free/reduced,completed,56,61,62,1.0,56.0,62.0
male,group C,some high school,standard,none,54,56,47,1.4081632653061225,38.34782608695652,33.3768115942029
male,group A,associate's degree,standard,completed,79,65,69,1.0,79.0,69.0
male,group E,associate's degree,standard,completed,93,87,84,1.0,93.0,84.0
male,group D,some high school,standard,completed,74,78,78,1.0,74.0,78.0
female,group E,associate's degree,free/reduced,none,83,90,95,1.0,83.0,95.0
male,group C,high school,standard,none,90,78,78,1.4081632653061225,63.91304347826087,55.391304347826086
female,group C,some college,free/reduced,completed,62,78,71,1.0,62.0,71.0
female,group D,bachelor's degree,standard,none,58,61,59,1.0,58.0,59.0
male,group E,some college,free/reduced,none,73,73,63,1.0,73.0,63.0
male,group C,some high school,standard,none,63,59,51,1.4081632653061225,44.73913043478261,36.21739130434783
male,group D,associate's degree,standard,completed,89,83,81,1.0,89.0,81.0
male,group D,some college,standard,none,75,66,72,1.0,75.0,72.0
male,group C,some college,free/reduced,none,51,54,51,1.4081632653061225,36.21739130434783,36.21739130434783
female,group C,some high school,free/reduced,completed,58,80,76,1.0,58.0,76.0
female,group C,bachelor's degree,standard,completed,92,88,94,1.0,92.0,94.0
female,group D,associate's degree,free/reduced,none,39,65,64,1.0,39.0,64.0
female,group B,associate's degree,standard,none,84,90,89,1.0,84.0,89.0
male,group C,some college,standard,completed,71,66,70,1.4081632653061225,50.42028985507246,49.710144927536234
female,group E,high school,standard,none,85,86,88,1.0,85.0,88.0
female,group B,high school,free/reduced,none,59,74,68,1.0,59.0,68.0
male,group D,bachelor's degree,standard,none,71,67,64,1.0,71.0,64.0
male,group E,some high school,standard,none,74,60,59,1.0,74.0,59.0
male,group D,some college,free/reduced,none,62,58,56,1.0,62.0,56.0
female,group E,associate's degree,free/reduced,completed,83,86,91,1.0,83.0,91.0
male,group D,some college,standard,none,74,63,65,1.0,74.0,65.0
male,group B,some high school,free/reduced,completed,64,62,55,1.0,64.0,55.0
male,group C,some college,standard,none,79,76,69,1.4081632653061225,56.10144927536232,49.0
female,group C,high school,free/reduced,none,24,48,46,1.0,24.0,46.0
male,group E,associate's degree,free/reduced,completed,66,60,64,1.0,66.0,64.0
female,group D,some high school,standard,completed,69,86,87,1.0,69.0,87.0
male,group C,some high school,standard,none,65,58,57,1.4081632653061225,46.15942028985507,40.47826086956522
male,group E,some high school,standard,none,66,63,60,1.0,66.0,60.0
female,group E,high school,standard,none,54,56,56,1.0,54.0,56.0
male,group D,some high school,standard,none,59,48,48,1.0,59.0,48.0
male,group C,some college,free/reduced,none,60,67,61,1.4081632653061225,42.608695652173914,43.31884057971015
female,group D,some college,standard,none,68,76,79,1.0,68.0,79.0
female,group A,high school,standard,none,61,69,66,1.0,61.0,66.0
female,group E,some college,free/reduced,none,84,88,82,1.0,84.0,82.0
female,group B,master's degree,standard,none,62,67,70,1.0,62.0,70.0
female,group A,some high school,standard,none,70,75,70,1.0,70.0,70.0
male,group B,high school,free/reduced,completed,76,81,72,1.0,76.0,72.0
female,group B,associate's degree,standard,completed,81,92,97,1.0,81.0,97.0
male,group B,master's degree,free/reduced,none,54,60,60,1.0,54.0,60.0
male,group D,high school,standard,none,67,65,59,1.0,67.0,59.0
male,group A,some high school,standard,completed,56,53,53,1.0,56.0,53.0
male,group D,bachelor's degree,free/reduced,none,63,59,51,1.0,63.0,51.0
male,group C,associate's degree,free/reduced,none,39,44,36,1.4081632653061225,27.695652173913043,25.565217391304348
male,group C,master's degree,standard,none,93,78,77,1.4081632653061225,66.04347826086956,54.68115942028985
female,group E,some high school,free/reduced,completed,65,72,76,1.0,65.0,76.0
male,group A,associate's degree,standard,none,83,83,70,1.0,83.0,70.0
male,group D,associate's degree,free/reduced,completed,75,78,77,1.0,75.0,77.0
male,group C,some college,free/reduced,none,71,74,73,1.4081632653061225,50.42028985507246,51.84057971014493
female,group C,some college,standard,none,46,52,48,1.0,46.0,48.0
female,group D,bachelor's degree,standard,completed,60,74,72,1.0,60.0,72.0
male,group D,bachelor's degree,standard,none,55,35,43,1.0,55.0,43.0
male,group C,master's degree,standard,completed,79,72,74,1.4081632653061225,56.10144927536232,52.55072463768116
male,group C,associate's degree,free/reduced,none,62,55,50,1.4081632653061225,44.028985507246375,35.507246376811594
female,group C,high school,standard,completed,55,72,70,1.0,55.0,70.0
female,group B,some college,standard,none,58,64,56,1.0,58.0,56.0
male,group D,associate's degree,free/reduced,none,82,76,75,1.0,82.0,75.0
female,group B,high school,free/reduced,none,30,47,46,1.0,30.0,46.0
male,group C,some college,standard,none,80,79,74,1.4081632653061225,56.81159420289855,52.55072463768116
male,group D,some college,standard,none,98,88,85,1.0,98.0,85.0
female,group A,some college,standard,none,83,91,92,1.0,83.0,92.0
female,group B,bachelor's degree,standard,none,81,84,86,1.0,81.0,86.0
female,group C,high school,free/reduced,completed,54,68,69,1.0,54.0,69.0
female,group D,associate's degree,standard,completed,82,95,100,1.0,82.0,100.0
female,group E,high school,free/reduced,none,62,70,64,1.0,62.0,64.0
female,group E,high school,free/reduced,completed,70,77,86,1.0,70.0,86.0
female,group C,some college,standard,none,77,85,85,1.0,77.0,85.0
male,group C,some college,standard,none,55,48,46,1.4081632653061225,39.05797101449275,32.666666666666664
male,group D,high school,standard,completed,78,76,80,1.0,78.0,80.0
male,group A,associate's degree,free/reduced,completed,69,77,77,1.0,69.0,77.0
female,group B,some college,free/reduced,completed,58,62,64,1.0,58.0,64.0
female,group D,high school,free/reduced,completed,39,52,58,1.0,39.0,58.0
male,group D,some high school,standard,none,80,80,79,1.0,80.0,79.0
male,group B,some college,standard,none,76,70,67,1.0,76.0,67.0
female,group A,high school,standard,none,52,68,66,1.0,52.0,66.0
male,group B,master's degree,standard,none,88,78,84,1.0,88.0,84.0
male,group C,master's degree,free/reduced,none,82,69,76,1.4081632653061225,58.231884057971016,53.971014492753625
male,group C,some college,free/reduced,none,62,65,61,1.4081632653061225,44.028985507246375,43.31884057971015
female,group E,some high school,standard,completed,90,96,98,1.0,90.0,98.0
female,group A,associate's degree,free/reduced,none,41,49,51,1.0,41.0,51.0
male,group C,some college,free/reduced,completed,59,69,63,1.4081632653061225,41.89855072463768,44.73913043478261
female,group B,some college,standard,none,61,69,73,1.0,61.0,73.0
male,group C,bachelor's degree,standard,none,68,56,57,1.4081632653061225,48.289855072463766,40.47826086956522
female,group C,associate's degree,standard,none,60,75,72,1.0,60.0,72.0
female,group B,some high school,free/reduced,completed,37,48,46,1.0,37.0,46.0
male,group E,some college,free/reduced,none,67,67,62,1.0,67.0,62.0
female,group A,associate's degree,standard,none,73,76,74,1.0,73.0,74.0
male,group A,some college,free/reduced,completed,74,75,78,1.0,74.0,78.0
female,group C,some college,free/reduced,completed,67,89,89,1.0,67.0,89.0
female,group B,some college,free/reduced,none,37,51,51,1.0,37.0,51.0
female,group A,high school,standard,none,61,73,74,1.0,61.0,74.0
female,group C,some college,free/reduced,completed,64,81,87,1.0,64.0,87.0
female,group D,some college,standard,none,74,81,82,1.0,74.0,82.0
male,group C,high school,free/reduced,none,34,37,27,1.4081632653061225,24.144927536231883,19.17391304347826
female,group D,high school,standard,none,54,62,62,1.0,54.0,62.0
female,group B,some college,standard,none,65,76,70,1.0,65.0,70.0
male,group D,some college,standard,none,81,86,78,1.0,81.0,78.0
male,group E,master's degree,standard,completed,88,89,87,1.0,88.0,87.0
male,group D,some high school,standard,none,82,70,67,1.0,82.0,67.0
female,group C,some high school,standard,none,70,75,78,1.0,70.0,78.0
male,group C,some high school,standard,completed,60,51,55,1.4081632653061225,42.608695652173914,39.05797101449275
female,group C,master's degree,standard,none,70,81,75,1.0,70.0,75.0
female,group C,some high school,standard,none,67,72,71,1.0,67.0,71.0
female,group E,bachelor's degree,standard,completed,98,100,99,1.0,98.0,99.0
male,group D,some high school,free/reduced,completed,35,56,54,1.0,35.0,54.0
female,group C,associate's degree,standard,none,69,82,78,1.0,69.0,78.0
male,group D,high school,free/reduced,completed,38,38,41,1.0,38.0,41.0
male,group A,high school,free/reduced,none,70,74,65,1.0,70.0,65.0
female,group E,some high school,free/reduced,completed,42,59,59,1.0,42.0,59.0
female,group A,some high school,free/reduced,none,47,58,54,1.0,47.0,54.0
female,group B,bachelor's degree,free/reduced,completed,49,57,61,1.0,49.0,61.0
male,group E,some college,standard,completed,90,93,91,1.0,90.0,91.0
male,group D,associate's degree,free/reduced,none,49,54,50,1.0,49.0,50.0
male,group D,master's degree,free/reduced,none,83,86,87,1.0,83.0,87.0
male,group C,associate's degree,free/reduced,none,82,86,78,1.4081632653061225,58.231884057971016,55.391304347826086
female,group C,associate's degree,standard,none,72,69,70,1.0,72.0,70.0
female,group D,associate's degree,standard,none,67,67,67,1.0,67.0,67.0
male,group B,master's degree,standard,none,92,89,83,1.0,92.0,83.0
female,group C,master's degree,standard,none,59,64,64,1.0,59.0,64.0
male,group D,bachelor's degree,standard,none,64,63,64,1.0,64.0,64.0
female,group C,some high school,standard,none,88,90,90,1.0,88.0,90.0
male,group D,some college,standard,none,92,77,84,1.0,92.0,84.0
male,group C,associate's degree,free/reduced,none,82,73,74,1.4081632653061225,58.231884057971016,52.55072463768116
female,group C,some college,standard,none,59,72,70,1.0,59.0,70.0
male,group C,high school,free/reduced,none,45,43,47,1.4081632653061225,31.956521739130434,33.3768115942029
male,group C,high school,free/reduced,none,56,67,62,1.4081632653061225,39.768115942028984,44.028985507246375
male,group B,high school,standard,none,52,48,49,1.0,52.0,49.0
male,group D,associate's degree,standard,none,86,72,76,1.0,86.0,76.0
female,group D,some college,standard,completed,81,93,94,1.0,81.0,94.0
female,group B,associate's degree,free/reduced,none,61,64,63,1.0,61.0,63.0
male,group B,high school,standard,none,51,52,46,1.0,51.0,46.0
female,group D,bachelor's degree,free/reduced,none,69,85,83,1.0,69.0,83.0
male,group B,high school,standard,none,81,71,62,1.0,81.0,62.0
female,group D,bachelor's degree,free/reduced,none,73,85,83,1.0,73.0,83.0
female,group E,bachelor's degree,standard,completed,92,87,92,1.0,92.0,92.0
male,group E,associate's degree,standard,none,71,63,53,1.0,71.0,53.0
female,group C,high school,standard,none,61,57,55,1.0,61.0,55.0
male,group C,associate's degree,standard,none,80,76,74,1.4081632653061225,56.81159420289855,52.55072463768116
male,group B,some high school,free/reduced,none,38,38,30,1.0,38.0,30.0
male,group B,some high school,standard,completed,72,62,62,1.0,72.0,62.0
female,group E,some college,standard,completed,96,98,100,1.0,96.0,100.0
female,group B,associate's degree,standard,completed,64,66,72,1.0,64.0,72.0
female,group B,some high school,standard,none,44,65,59,1.0,44.0,59.0
female,group D,some college,standard,completed,81,99,96,1.0,81.0,96.0
male,group B,high school,standard,completed,85,75,72,1.0,85.0,72.0
male,group E,associate's degree,standard,none,82,76,71,1.0,82.0,71.0
male,group B,associate's degree,standard,none,72,67,64,1.0,72.0,64.0
female,group C,master's degree,free/reduced,none,43,57,59,1.0,43.0,59.0
female,group B,some college,standard,none,58,69,63,1.0,58.0,63.0
male,group E,some college,free/reduced,completed,72,73,75,1.0,72.0,75.0
male,group D,some college,standard,completed,80,67,72,1.0,80.0,72.0
male,group D,high school,standard,none,81,62,61,1.0,81.0,61.0
male,group E,some high school,free/reduced,none,66,60,59,1.0,66.0,59.0
male,group B,associate's degree,standard,none,74,65,61,1.0,74.0,61.0
male,group D,master's degree,free/reduced,completed,75,70,76,1.0,75.0,76.0
male,group C,some college,standard,none,68,58,54,1.4081632653061225,48.289855072463766,38.34782608695652
male,group D,some high school,free/reduced,none,67,63,63,1.0,67.0,63.0
male,group B,some college,standard,none,58,47,45,1.0,58.0,45.0
male,group D,some college,standard,none,79,56,68,1.0,79.0,68.0
male,group C,some high school,standard,none,63,63,63,1.4081632653061225,44.73913043478261,44.73913043478261
female,group B,associate's degree,free/reduced,none,59,72,72,1.0,59.0,72.0
male,group C,bachelor's degree,free/reduced,none,47,53,42,1.4081632653061225,33.3768115942029,29.82608695652174
male,group D,some college,free/reduced,completed,67,78,70,1.0,67.0,70.0
male,group A,some college,standard,completed,92,86,88,1.0,92.0,88.0
male,group D,associate's degree,standard,none,44,45,41,1.0,44.0,41.0
male,group C,master's degree,free/reduced,none,57,54,48,1.4081632653061225,40.47826086956522,34.08695652173913
female,group D,bachelor's degree,standard,completed,83,100,100,1.0,83.0,100.0
female,group A,master's degree,standard,completed,68,76,76,1.0,68.0,76.0
male,group B,associate's degree,standard,none,59,52,45,1.0,59.0,45.0
female,group B,some high school,free/reduced,none,36,51,49,1.0,36.0,49.0
male,group A,some college,standard,completed,56,51,44,1.0,56.0,44.0
female,group E,high school,free/reduced,completed,80,94,97,1.0,80.0,97.0
male,group C,some college,free/reduced,completed,62,72,67,1.4081632653061225,44.028985507246375,47.57971014492754
male,group D,some high school,standard,none,90,72,79,1.0,90.0,79.0
male,group A,associate's degree,standard,completed,55,62,58,1.0,55.0,58.0
female,group C,bachelor's degree,free/reduced,completed,44,45,52,1.0,44.0,52.0
male,group C,high school,standard,completed,72,63,66,1.4081632653061225,51.130434782608695,46.869565217391305
female,group E,high school,standard,none,92,94,94,1.0,92.0,94.0
male,group B,high school,free/reduced,completed,73,68,71,1.0,73.0,71.0
female,group D,high school,standard,completed,75,74,75,1.0,75.0,75.0
male,group E,associate's degree,standard,completed,82,78,78,1.0,82.0,78.0
male,group C,some high school,standard,none,84,84,74,1.4081632653061225,59.65217391304348,52.55072463768116
male,group C,master's degree,standard,none,81,80,73,1.4081632653061225,57.52173913043478,51.84057971014493
male,group A,some college,standard,none,82,68,63,1.0,82.0,63.0
female,group C,master's degree,standard,completed,79,92,87,1.0,79.0,87.0
female,group C,high school,standard,none,31,49,42,1.0,31.0,42.0
male,group E,some high school,standard,none,73,62,59,1.0,73.0,59.0
female,group E,some college,standard,none,89,93,98,1.0,89.0,98.0
male,group E,bachelor's degree,standard,completed,100,100,100,1.0,100.0,100.0
female,group D,associate's degree,free/reduced,completed,47,58,56,1.0,47.0,56.0
male,group E,some high school,standard,none,94,75,75,1.0,94.0,75.0
male,group B,associate's degree,standard,completed,79,77,75,1.0,79.0,75.0
male,group C,high school,free/reduced,completed,77,80,74,1.4081632653061225,54.68115942028985,52.55072463768116
male,group D,some college,standard,none,63,60,53,1.0,63.0,53.0
male,group A,high school,standard,none,56,45,38,1.0,56.0,38.0
female,group B,associate's degree,free/reduced,completed,58,67,70,1.0,58.0,70.0
male,group C,some college,standard,completed,77,80,85,1.4081632653061225,54.68115942028985,60.36231884057971
female,group E,some college,standard,completed,82,85,91,1.0,82.0,91.0
female,group B,high school,free/reduced,none,51,69,64,1.0,51.0,64.0
male,group E,some high school,standard,none,92,80,78,1.0,92.0,78.0
female,group C,high school,standard,none,87,90,85,1.0,87.0,85.0
male,group E,associate's degree,standard,completed,88,78,86,1.0,88.0,86.0
female,group C,some college,standard,none,77,79,78,1.0,77.0,78.0
female,group E,some college,standard,none,62,65,65,1.0,62.0,65.0
male,group D,associate's degree,standard,none,61,56,56,1.0,61.0,56.0
female,group C,associate's degree,free/reduced,none,65,66,66,1.0,65.0,66.0
male,group E,master's degree,standard,completed,84,76,81,1.0,84.0,81.0
female,group D,some high school,free/reduced,none,30,59,51,1.0,30.0,51.0
male,group A,associate's degree,free/reduced,completed,63,61,64,1.0,63.0,64.0
female,group E,high school,standard,none,79,78,83,1.0,79.0,83.0
female,group C,some college,standard,none,51,72,63,1.0,51.0,63.0
female,group D,some college,standard,none,66,70,67,1.0,66.0,67.0
female,group D,associate's degree,standard,none,63,69,66,1.0,63.0,66.0
female,group D,associate's degree,free/reduced,none,71,78,81,1.0,71.0,81.0
female,group C,master's degree,standard,none,69,76,71,1.0,69.0,71.0
female,group C,some college,free/reduced,none,70,81,76,1.0,70.0,76.0
male,group D,some high school,standard,none,67,59,59,1.0,67.0,59.0
female,group C,some high school,standard,none,53,48,49,1.0,53.0,49.0
female,group B,bachelor's degree,free/reduced,none,50,62,62,1.0,50.0,62.0
female,group C,high school,standard,none,59,63,61,1.0,59.0,61.0
female,group C,high school,free/reduced,completed,54,72,68,1.0,54.0,68.0
male,group E,some college,standard,none,81,72,70,1.0,81.0,70.0
male,group C,high school,standard,none,69,58,52,1.4081632653061225,49.0,36.927536231884055
male,group E,high school,standard,none,87,84,76,1.0,87.0,76.0
female,group B,bachelor's degree,standard,none,88,84,88,1.0,88.0,88.0
female,group E,bachelor's degree,standard,none,52,53,55,1.0,52.0,55.0
female,group C,some high school,standard,none,60,61,57,1.0,60.0,57.0
female,group D,some high school,standard,completed,77,83,84,1.0,77.0,84.0
male,group C,associate's degree,free/reduced,completed,47,49,49,1.4081632653061225,33.3768115942029,34.79710144927536
male,group C,some college,standard,none,76,65,58,1.4081632653061225,53.971014492753625,41.188405797101446
female,group B,some college,standard,completed,92,100,100,1.0,92.0,100.0
female,group E,some high school,standard,none,87,87,84,1.0,87.0,84.0
female,group D,high school,standard,none,74,82,81,1.0,74.0,81.0
male,group A,some high school,standard,completed,67,60,69,1.0,67.0,69.0
male,group B,some college,free/reduced,none,56,47,48,1.0,56.0,48.0
female,group D,associate's degree,standard,none,84,92,90,1.0,84.0,90.0
male,group B,associate's degree,standard,none,73,54,57,1.0,73.0,57.0
male,group D,master's degree,free/reduced,none,75,65,65,1.0,75.0,65.0
male,group D,high school,standard,completed,70,72,67,1.0,70.0,67.0
male,group C,high school,standard,none,79,72,72,1.4081632653061225,56.10144927536232,51.130434782608695
male,group C,bachelor's degree,standard,completed,86,77,80,1.4081632653061225,61.072463768115945,56.81159420289855
female,group B,high school,standard,completed,77,83,91,1.0,77.0,91.0
male,group D,high school,free/reduced,completed,58,67,67,1.0,58.0,67.0
male,group C,some college,free/reduced,completed,70,66,68,1.4081632653061225,49.710144927536234,48.289855072463766
female,group D,master's degree,standard,none,69,67,78,1.0,69.0,78.0
male,group D,some college,standard,completed,94,97,95,1.0,94.0,95.0
female,group E,some college,free/reduced,none,76,82,81,1.0,76.0,81.0
female,group C,high school,standard,none,71,72,69,1.0,71.0,69.0
male,group C,associate's degree,standard,none,76,72,73,1.4081632653061225,53.971014492753625,51.84057971014493
male,group D,bachelor's degree,free/reduced,none,85,78,81,1.0,85.0,81.0
male,group C,some high school,standard,none,94,84,80,1.4081632653061225,66.7536231884058,56.81159420289855
male,group E,master's degree,standard,none,91,82,74,1.0,91.0,74.0
male,group D,associate's degree,standard,completed,100,100,98,1.0,100.0,98.0
male,group B,high school,standard,none,65,66,61,1.0,65.0,61.0
female,group D,bachelor's degree,free/reduced,none,68,79,78,1.0,68.0,78.0
male,group C,high school,free/reduced,none,59,60,56,1.4081632653061225,41.89855072463768,39.768115942028984
female,group B,bachelor's degree,standard,none,73,87,89,1.0,73.0,89.0
male,group B,some college,free/reduced,completed,76,83,78,1.0,76.0,78.0
female,group C,some high school,standard,none,86,92,83,1.0,86.0,83.0
female,group C,associate's degree,standard,completed,75,74,80,1.0,75.0,80.0
male,group D,some high school,standard,none,68,53,53,1.0,68.0,53.0
female,group D,high school,free/reduced,none,68,73,71,1.0,68.0,71.0
male,group D,some college,standard,none,59,62,52,1.0,59.0,52.0
male,group B,bachelor's degree,standard,none,84,80,77,1.0,84.0,77.0
male,group D,some college,free/reduced,none,67,58,58,1.0,67.0,58.0
male,group C,associate's degree,free/reduced,none,59,64,60,1.4081632653061225,41.89855072463768,42.608695652173914
male,group C,bachelor's degree,free/reduced,none,58,66,67,1.4081632653061225,41.188405797101446,47.57971014492754
male,group D,associate's degree,standard,none,72,62,60,1.0,72.0,60.0
female,group A,associate's degree,standard,none,61,65,59,1.0,61.0,59.0
female,group B,some high school,free/reduced,none,55,70,60,1.0,55.0,60.0
female,group D,bachelor's degree,standard,none,41,51,53,1.0,41.0,53.0
female,group D,some college,free/reduced,none,36,45,44,1.0,36.0,44.0
male,group E,associate's degree,standard,completed,84,75,75,1.0,84.0,75.0
male,group E,associate's degree,free/reduced,none,57,45,42,1.0,57.0,42.0
female,group C,associate's degree,standard,none,81,96,93,1.0,81.0,93.0
male,group A,some high school,standard,none,59,60,50,1.0,59.0,50.0
male,group D,some college,free/reduced,none,66,56,56,1.0,66.0,56.0
male,group C,some college,free/reduced,completed,65,62,63,1.4081632653061225,46.15942028985507,44.73913043478261
female,group C,associate's degree,standard,none,65,85,80,1.0,65.0,80.0
female,group A,some high school,free/reduced,completed,53,77,75,1.0,53.0,75.0
male,group B,some high school,standard,none,79,69,70,1.0,79.0,70.0
female,group C,associate's degree,standard,completed,89,86,92,1.0,89.0,92.0
female,group E,high school,free/reduced,none,85,91,88,1.0,85.0,88.0
female,group C,some college,standard,none,79,93,81,1.0,79.0,81.0
female,group B,associate's degree,standard,completed,83,96,96,1.0,83.0,96.0
female,group E,some high school,free/reduced,none,62,71,61,1.0,62.0,61.0
female,group E,some college,standard,none,64,68,60,1.0,64.0,60.0
female,group E,bachelor's degree,standard,none,66,65,76,1.0,66.0,76.0
female,group B,some high school,free/reduced,none,36,52,51,1.0,36.0,51.0
female,group C,some high school,standard,none,74,77,72,1.0,74.0,72.0
female,group B,bachelor's degree,standard,completed,85,96,95,1.0,85.0,95.0
female,group C,high school,standard,completed,44,69,68,1.0,44.0,68.0
female,group E,some college,standard,completed,68,78,77,1.0,68.0,77.0
female,group C,some college,standard,completed,59,66,71,1.0,59.0,71.0
male,group B,high school,standard,none,64,57,52,1.0,64.0,52.0
female,group C,some college,free/reduced,none,62,74,74,1.0,62.0,74.0
male,group C,master's degree,free/reduced,none,45,53,45,1.4081632653061225,31.956521739130434,31.956521739130434
male,group D,high school,standard,none,85,81,83,1.0,85.0,83.0
male,group C,some high school,standard,none,45,48,46,1.4081632653061225,31.956521739130434,32.666666666666664
male,group B,associate's degree,standard,none,81,66,58,1.0,81.0,58.0
male,group C,high school,standard,none,65,70,57,1.4081632653061225,46.15942028985507,40.47826086956522
female,group C,high school,free/reduced,none,48,60,55,1.0,48.0,55.0
female,group C,high school,standard,none,59,66,69,1.0,59.0,69.0
female,group C,some college,standard,completed,80,88,90,1.0,80.0,90.0
female,group A,bachelor's degree,standard,completed,66,80,75,1.0,66.0,75.0
female,group B,bachelor's degree,standard,completed,80,93,99,1.0,80.0,99.0
male,group E,some high school,free/reduced,none,47,54,48,1.0,47.0,48.0
female,group B,high school,standard,none,74,90,83,1.0,74.0,83.0
male,group B,bachelor's degree,free/reduced,none,55,59,49,1.0,55.0,49.0
male,group D,associate's degree,standard,none,100,93,89,1.0,100.0,89.0
male,group C,some high school,standard,none,83,84,78,1.4081632653061225,58.94202898550724,55.391304347826086
male,group C,associate's degree,standard,none,76,74,67,1.4081632653061225,53.971014492753625,47.57971014492754
male,group E,some high school,standard,completed,87,83,80,1.0,87.0,80.0
male,group C,some high school,standard,none,28,27,23,1.4081632653061225,19.884057971014492,16.333333333333332
male,group D,some high school,standard,completed,76,78,79,1.0,76.0,79.0
female,group E,bachelor's degree,standard,none,86,87,90,1.0,86.0,90.0
female,group A,bachelor's degree,free/reduced,none,65,64,73,1.0,65.0,73.0
male,group D,master's degree,standard,none,88,72,78,1.0,88.0,78.0
female,group D,master's degree,standard,completed,87,95,100,1.0,87.0,100.0
male,group D,some high school,standard,none,51,53,45,1.0,51.0,45.0
male,group D,associate's degree,standard,completed,67,62,67,1.0,67.0,67.0
female,group C,some high school,standard,none,70,77,76,1.0,70.0,76.0
female,group A,associate's degree,standard,none,72,77,77,1.0,72.0,77.0
male,group A,associate's degree,free/reduced,completed,75,67,67,1.0,75.0,67.0
male,group D,some high school,standard,none,83,74,80,1.0,83.0,80.0
female,group B,associate's degree,standard,none,82,97,90,1.0,82.0,90.0
male,group C,some college,standard,none,77,77,71,1.4081632653061225,54.68115942028985,50.42028985507246
male,group C,some college,standard,none,80,66,66,1.4081632653061225,56.81159420289855,46.869565217391305
female,group A,high school,standard,completed,67,86,86,1.0,67.0,86.0
male,group E,high school,standard,none,80,72,62,1.0,80.0,62.0
male,group D,high school,standard,none,58,47,45,1.0,58.0,45.0
